用户名,所属组,用户类型,绑定方法,认证账号,认证密码,并发数,账号计费,计费方式,账号开通日期,账号停用日期,账号有效时长,用户状态,IP地址,MAC地址
zu1 , ,组, , , , , , , , , , , ,
zu1-1 ,zu1 ,组, , , , , , , , , , , ,
zu2 , ,组, , , , , , , , , , , ,
zu2-1 ,zu2 ,组, , , , , , , , , , , ,
zu3 , ,组, , , , , , , , , , , ,
zu4 , ,组, , , , , , , , , , , ,
zu5 , ,组, , , , , , , , , , , ,
zu6 , ,组, , , , , , , , , , , ,
zu7 , ,组, , , , , , , , , , , ,
zu8 , ,组, , , , , , , , , , , ,
zu9 , ,组, , , , , , , , , , , ,
zu10 , ,组, , , , , , , , , , , ,
zu11 , ,组, , , , , , , , , , , ,
zu12 , ,组, , , , , , , , , , , ,
zu13 , ,组, , , , , , , , , , , ,
zu14 , ,组, , , , , , , , , , , ,
zu15 , ,组, , , , , , , , , , , ,
zu16 , ,组, , , , , , , , , , , ,
zu17 , ,组, , , , , , , , , , , ,
zu18 , ,组, , , , , , , , , , , ,
zu19 , ,组, , , , , , , , , , , ,
zu20 , ,组, , , , , , , , , , , ,
zu21 , ,组, , , , , , , , , , , ,
zu22 , ,组, , , , , , , , , , , ,
zu23 , ,组, , , , , , , , , , , ,
zu24 , ,组, , , , , , , , , , , ,
zu25 , ,组, , , , , , , , , , , ,
zu26 , ,组, , , , , , , , , , , ,
zu27 , ,组, , , , , , , , , , , ,
zu28 , ,组, , , , , , , , , , , ,
zu29 , ,组, , , , , , , , , , , ,
zu30 , ,组, , , , , , , , , , , ,
zu31 , ,组, , , , , , , , , , , ,
zu32 , ,组, , , , , , , , , , , ,
zu33 , ,组, , , , , , , , , , , ,
zu34 , ,组, , , , , , , , , , , ,
zu35 , ,组, , , , , , , , , , , ,
zu36 , ,组, , , , , , , , , , , ,
zu37 , ,组, , , , , , , , , , , ,
zu38 , ,组, , , , , , , , , , , ,
zu39 , ,组, , , , , , , , , , , ,
zu40 , ,组, , , , , , , , , , , ,
zu41 , ,组, , , , , , , , , , , ,
zu42 , ,组, , , , , , , , , , , ,
zu43 , ,组, , , , , , , , , , , ,
zu44 , ,组, , , , , , , , , , , ,
zu45 , ,组, , , , , , , , , , , ,
zu46 , ,组, , , , , , , , , , , ,
zu47 , ,组, , , , , , , , , , , ,
zu48 , ,组, , , , , , , , , , , ,
zu49 , ,组, , , , , , , , , , , ,
zu50 , ,组, , , , , , , , , , , ,
zu51 , ,组, , , , , , , , , , , ,
zu52 , ,组, , , , , , , , , , , ,
zu53 , ,组, , , , , , , , , , , ,
zu54 , ,组, , , , , , , , , , , ,
zu55 , ,组, , , , , , , , , , , ,
zu56 , ,组, , , , , , , , , , , ,
zu57 , ,组, , , , , , , , , , , ,
zu58 , ,组, , , , , , , , , , , ,
zu59 , ,组, , , , , , , , , , , ,
zu60 , ,组, , , , , , , , , , , ,
zu61 , ,组, , , , , , , , , , , ,
zu62 , ,组, , , , , , , , , , , ,
zu63 , ,组, , , , , , , , , , , ,
zu64 , ,组, , , , , , , , , , , ,
zu65 , ,组, , , , , , , , , , , ,
zu66 , ,组, , , , , , , , , , , ,
zu67 , ,组, , , , , , , , , , , ,
zu68 , ,组, , , , , , , , , , , ,
zu69 , ,组, , , , , , , , , , , ,
zu70 , ,组, , , , , , , , , , , ,
zu71 , ,组, , , , , , , , , , , ,
zu72 , ,组, , , , , , , , , , , ,
zu73 , ,组, , , , , , , , , , , ,
zu74 , ,组, , , , , , , , , , , ,
zu75 , ,组, , , , , , , , , , , ,
zu76 , ,组, , , , , , , , , , , ,
zu77 , ,组, , , , , , , , , , , ,
zu78 , ,组, , , , , , , , , , , ,
zu79 , ,组, , , , , , , , , , , ,
zu80 , ,组, , , , , , , , , , , ,
zu81 , ,组, , , , , , , , , , , ,
zu82 , ,组, , , , , , , , , , , ,
zu83 , ,组, , , , , , , , , , , ,
zu84 , ,组, , , , , , , , , , , ,
zu85 , ,组, , , , , , , , , , , ,
zu86 , ,组, , , , , , , , , , , ,
zu87 , ,组, , , , , , , , , , , ,
zu88 , ,组, , , , , , , , , , , ,
zu89 , ,组, , , , , , , , , , , ,
zu90 , ,组, , , , , , , , , , , ,
zu91 , ,组, , , , , , , , , , , ,
zu92 , ,组, , , , , , , , , , , ,
zu93 , ,组, , , , , , , , , , , ,
zu94 , ,组, , , , , , , , , , , ,
zu95 , ,组, , , , , , , , , , , ,
zu96 , ,组, , , , , , , , , , , ,
zu97 , ,组, , , , , , , , , , , ,
zu98 , ,组, , , , , , , , , , , ,
zu99 , ,组, , , , , , , , , , , ,
zu100 , ,组, , , , , , , , , , , ,
zu101 , ,组, , , , , , , , , , , ,
zu102 , ,组, , , , , , , , , , , ,
zu103 , ,组, , , , , , , , , , , ,
zu104 , ,组, , , , , , , , , , , ,
zu105 , ,组, , , , , , , , , , , ,
zu106 , ,组, , , , , , , , , , , ,
zu107 , ,组, , , , , , , , , , , ,
zu108 , ,组, , , , , , , , , , , ,
zu109 , ,组, , , , , , , , , , , ,
zu110 , ,组, , , , , , , , , , , ,
zu111 , ,组, , , , , , , , , , , ,
zu112 , ,组, , , , , , , , , , , ,
zu113 , ,组, , , , , , , , , , , ,
zu114 , ,组, , , , , , , , , , , ,
zu115 , ,组, , , , , , , , , , , ,
zu116 , ,组, , , , , , , , , , , ,
zu117 , ,组, , , , , , , , , , , ,
zu118 , ,组, , , , , , , , , , , ,
zu119 , ,组, , , , , , , , , , , ,
zu120 , ,组, , , , , , , , , , , ,
zu121 , ,组, , , , , , , , , , , ,
zu122 , ,组, , , , , , , , , , , ,
zu123 , ,组, , , , , , , , , , , ,
zu124 , ,组, , , , , , , , , , , ,
